{
"apiVersion": "V2",
"assemblies": [
{
  "files": [
    {
      "filePath": "assembly_data_report.jsonl",
      "fileType": "DATA_REPORT"
    }
  ]
},{
  "accession": "GCA_000953635.1",
  "files": [
    {
      "filePath": "GCA_000953635.1/GCA_000953635.1_LMI_genomic.fna",
      "fileType": "GENOMIC_NUCLEOTIDE_FASTA"
    }
  ]
},{
  "accession": "GCA_001467875.1",
  "files": [
    {
      "filePath": "GCA_001467875.1/GCA_001467875.1_ASM146787v1_genomic.fna",
      "fileType": "GENOMIC_NUCLEOTIDE_FASTA"
    }
  ]
},{
  "accession": "GCA_001648625.1",
  "files": [
    {
      "filePath": "GCA_001648625.1/GCA_001648625.1_ASM164862v1_genomic.fna",
      "fileType": "GENOMIC_NUCLEOTIDE_FASTA"
    }
  ]
},{
  "accession": "GCA_002085715.1",
  "files": [
    {
      "filePath": "GCA_002085715.1/GCA_002085715.1_ASM208571v1_genomic.fna",
      "fileType": "GENOMIC_NUCLEOTIDE_FASTA"
    }
  ]
},{
  "accession": "GCA_002085735.1",
  "files": [
    {
      "filePath": "GCA_002085735.1/GCA_002085735.1_ASM208573v1_genomic.fna",
      "fileType": "GENOMIC_NUCLEOTIDE_FASTA"
    }
  ]
},{
  "accession": "GCA_013303035.1",
  "files": [
    {
      "filePath": "GCA_013303035.1/GCA_013303035.1_ASM1330303v1_genomic.fna",
      "fileType": "GENOMIC_NUCLEOTIDE_FASTA"
    }
  ]
},{
  "accession": "GCA_900102325.1",
  "files": [
    {
      "filePath": "GCA_900102325.1/GCA_900102325.1_IMG-taxon_2596583693_annotated_assembly_genomic.fna",
      "fileType": "GENOMIC_NUCLEOTIDE_FASTA"
    }
  ]
}]}
